"user_id","created_at","screen_name","text","source","favorite_count","state","happiness"
"x424386832",2018-12-18 10:15:07,"alyssabrittanyy","Didn‚Äôt get to meet Chip Gaines but today was still amazing https://t.co/suOI3xMpO7","Twitter for iPhone",1,"Alabama",0.272852578165875
"x409285978",2018-12-18 10:15:05,"TimAndrewsHere","@chrislhayes No, it isn‚Äôt.","Twitter for iPhone",1,"Alabama",0
"x2726692549",2018-12-18 10:15:05,"sotroj35","Got it in this past weekend came in 3rd in a fade contest God is good just the beggining!!!üíØüí™ https://t.co/QYCw3Xa7UT","Twitter for Android",1,"Alabama",0.03
"x82659939",2018-12-18 10:15:03,"v1075atl","#Now Playing Detrick Haddon - Sinner Prayer https://t.co/SAXrmAkAih","SAM Broadcaster Song Info",1,"Alabama",-0.158113883008419
"x941315748",2018-12-18 10:15:01,"AtlReddPolo","if I text u and my phone sends ""ho"" instead of ""how"", I'm not changing anything. obviously my phone knows something I don't lmfaoü§£üòÇü§£","Twitter for iPhone",1,"Alabama",0
"x565521611",2018-12-18 10:15:01,"ATLBlackStar","FBI Probe Into Tallahassee Corruption Ends with Charges for City Commissioner ‚Äî Not Mayor Andrew Gillum https://t.co/r9nkxS5oXH","Buffer",1,"Alabama",0.163663417676994
"x130029662",2018-12-18 10:15:01,"BabsMidtownATL","Yes please.....
Two Great Tastes ... Snickerdoodle &amp; Bundt..... https://t.co/ZcF38AE9rz","Facebook",1,"Alabama",0.512267716366394
"x3019529014",2018-12-18 10:15:08,"CareinKent","Join the ‚ÄúCare in Kent‚Äù team! We're hiring for Homecare Workers, Community carers, and Support Worker positions. #Ashford #Folkestone #Care #Dementia #Autism #LearningDifficulty","IFTTT",1,"Alaska",0.348698995782433
"x101962334",2018-12-18 10:15:08,"freePremo","Problem - Solutions #Funny-Pics https://t.co/M62MU1fPIe https://t.co/aMBxGevc7y","FreePremo",1,"Alaska",0.142009389360939
"x2970100023",2018-12-18 10:15:07,"charblar","sentenced to write bad tweets at 2am","Twitter for Android",1,"Alaska",-0.377964473009227
"x354162487",2018-12-18 10:15:07,"AdamCollegeman","what is it ?.. https://t.co/cm8sLpc1mC","Facebook",1,"Alaska",0
"x309691417",2018-12-18 10:15:07,"welcometofife","some great suggestions of places to stay here in #Fife  https://t.co/AFHrYsB1mF","Hootsuite Inc.",1,"Alaska",0.129099444873581
"x2780240858",2018-12-18 10:15:06,"BLeaderNews","The Business Leader Awards are free to enter and you can enter any number of awards. Enter Now ‚ÄºÔ∏è‚§µÔ∏è #BLA19

https://t.co/P1mriKAYYx","Hootsuite Inc.",1,"Alaska",0.238737769306429
"x860185596307701761",2018-12-18 10:15:05,"u10okhappier","@YG_TreasureBox YEDAAAAAAMüíöüíöüíö","Twitter for Android",1,"Alaska",0
"x789626946367782912",2018-12-18 10:15:04,"Donster2112","@geli2j @realannapaulina @BarackObama @SenSchumer @NancyPelosi @realDonaldTrump You‚Äôre cherry picking from the 4 proposals on the table. Then there‚Äôs the House which doesn‚Äôt have a filibuster, yet the Republicans couldn‚Äôt even agree amongst themselves.

The Senate put 4 immigration bills up for a vote. They all failed. https://t.co/yYJpo3RiCt via @voxdotcom","Twitter for iPhone",1,"Alaska",-0.073258859734142
"x15846482",2018-12-18 10:15:04,"spacebarshift","@jimmyfallon @FallonTonight LMM: ""Light On"" TNB: ""Enter the NInja"" #rootswalkonmusic","Twitter Web Client",1,"Alaska",0
"x2833277467",2018-12-18 10:15:08,"tataof03","Amen. https://t.co/Iyo7255rkZ","Twitter for Android",1,"Arizona",0.32741179790596
"x290501949",2018-12-18 10:15:07,"marcusivery","@SashaBanksWWE You will get just don‚Äôt give up","Twitter for iPhone",1,"Arizona",0
"x110262933",2018-12-18 10:15:00,"CritKincaid","How do you convince a graveyard cat to leave the shadows of the graves and live in the Light? 
A WOUNDED WORLD
$dollar99 on Kindle

#IAN1 #ASMSG #IARTG https://t.co/np1mND1pxB","TweetDeck",1,"Arizona",0.0312972574560317
"x828083374275252224",2018-12-18 10:14:56,"jrellehrms","Sooo cool https://t.co/YrZlTTjqAu","Twitter Lite",1,"Arizona",0.306186217847897
"x1063588236914651136",2018-12-18 10:14:56,"sptdfawn","@CNN Boo on the Manager what nerve, he can‚Äôt get those 12 people a room? I hope you found somebody else that would What is Scrooge","Twitter Lite",1,"Arizona",0.114191461568338
"x373842593",2018-12-18 10:14:55,"Taylor5Official","@Ryan_stirlybob Alright Dad üòâüòâüòâüòúüíñ","Twitter for iPhone",1,"Arizona",0
"x2938509147",2018-12-18 10:14:54,"Feyvaras","@peppercoyote @NintendoAmerica @PlayStation idk  i don't understand the concept fully enough to know how im supposed to feel. for me i just see it qs a $20 i just pay and forget about until it pops up again","Twitter for Android",1,"Arizona",-0.251493971967693
"x240710645",2018-12-18 10:14:52,"biggysmalls02","@uchmoni I swear,the thing dey pain me","Twitter for iPhone",1,"Arizona",-0.300520382004283
"x32604546",2018-12-18 10:14:52,"Nikki_0422","What would you do if you could chose Bray‚Äôs next move? #wwe #BrayWyatt #wrestling","Twitter for iPhone",1,"Arizona",-0.126020859771244
"x41368400",2018-12-18 10:15:02,"ImperialCat","FOUND Dog in Conway (Faulkner): Rust color https://t.co/Vo8Z4Hifnp #conwayarkansas #Arkansas https://t.co/OMYGSBe6w4","Buffer",1,"Arkansas",0.0782623792124926
"x218051231",2018-12-18 10:15:01,"ahaf21","My boy deciding to come back to FSU is like me deciding to go to work... where the else am I gonna go? Lol.","Twitter for iPhone",1,"Arkansas",0.061030773418931
"x815297194895044608",2018-12-18 10:14:56,"AnnieBJackson","Wray @FBI = Too busy covering up their dirty cops‚Äô corruption to actually do their job. And where are those rank and file whistleblowers? Crickets. https://t.co/w82k2sm9uG","Twitter for iPhone",1,"Arkansas",-0.177871108617986
"x887026444098035717",2018-12-18 10:14:43,"LauraMarcory","Videos of Spectators Getting Hit at Car Meet Ups Going Viral: Takeovers are well documented‚Ä¶ https://t.co/1a226o3mMp","Google",1,"Arkansas",0.120019839629796
"x69369913",2018-12-18 10:14:41,"jeffschreve","Debbie and I were blessed to attend on Friday night. What an incredible presentation of the joy and salvation found in the birth of the Savior. https://t.co/1K5BnzXXBa","Twitter for iPad",1,"Arkansas",0.504395488224285
"x1068691740142460928",2018-12-18 10:14:40,"Vylette_AJAM","31 minsüòç","Twitter Web Client",1,"Arkansas",0
"x2593610952",2018-12-18 10:15:08,"WealthyGorilla","9 Common Qualities of Highly Successful People https://t.co/qdz4cCllO9 https://t.co/uUIsHeQhrn","Revive Social Wealthy Gorilla",1,"California",0.348568501158668
"x968441913199218688",2018-12-18 10:15:08,"fastincnow","How to Incorporate your Business quickly, Watch Our 2-minute Video Now!
https://t.co/cLJrMrLh76","Twitter Web Client",1,"California",0.164530619028749
"x820712218975084544",2018-12-18 10:15:08,"OCCallouts_Bot","AGENCY: Orange County Sheriff's Department
CALL: [TRAFFIC STOP] TRAFFIC STOP 
ADDR: ALICIA PKWY // HIGHLANDS AV, LN 
D/T: 12/18/2018 1:57:48 AM 
#LagunaNiguel","OCCallouts Bot",1,"California",-0.178885438199983
"x941066979166715904",2018-12-18 10:15:08,"What_I_Thot","InüëèüèºSomüëèüèºNiüëèüèºAüòë","Twitter for Android",1,"California",0
"x2553666410",2018-12-18 10:15:08,"sappyFbaby","For someone who‚Äôs never practiced self love- I am in awe at the outcome of it all. üòÅ","Twitter for iPhone",1,"California",-0.128619501410991
"x1018045129733505026",2018-12-18 10:15:07,"supaserenity","my whole mindset is changing. i don‚Äôt have time/energy to be doing things i did before, to be around certain people anymore. i‚Äôm at a point in my life where if what i do or who i let into my life isn‚Äôt beneficial and doesn‚Äôt make me happy, then i‚Äôm not dealing w/ it","Twitter for iPhone",1,"California",0.101717955698218
"x67554569",2018-12-18 10:15:08,"Soupy71","@Berk_On_A_Bike I'm no expert but i would be calling Ryan Giggs up and saying "" remember all those things Fergie did when you were a player, could you copy that mate""","Twitter Web Client",1,"Colorado",0.498192843579612
"x17002228",2018-12-18 10:15:08,"lesjensen","The Return to #Love. What will bring us #peace, #prosperity and #joy. Watch short video https://t.co/wrvqWyFwzH https://t.co/vFswyy4cfP","Hootsuite Inc.",1,"Colorado",0.382025037372281
"x4316702113",2018-12-18 10:15:08,"gatorfanscott","@crisp_aw @RussVet1 First of all they‚Äôre already criminals secondly if they break more laws arrest them and deport them","Twitter for iPhone",1,"Colorado",-0.687386354243376
"x874382790",2018-12-18 10:15:05,"BusinessRecord1","How To Save On Your Home Energy Bills This Winter https://t.co/qOhLpESJYs #plasticmechanic","SEM Portal",1,"Colorado",0.129099444873581
"x4304542812",2018-12-18 10:15:02,"MJASpeakers","Is your kid being bullied? Well, Craig Hallenberger's (.@challenberger) life hack works for #kids too! Watch here: https://t.co/5lf7GvjwPn  #Speakers #Moms #Bullying #antibullying #stopbullying #StandUpNow #Parents #parenting #Keynotes #Workshops #Camps #Sports #Girls #Boys https://t.co/LZw2p9tcIE","Sprout Social",1,"Colorado",-0.0646730312460415
"x909920017172488192",2018-12-18 10:14:52,"dendybot","Greetings, friends.","twittbot.net",1,"Colorado",0.353553390593274
"x74955280",2018-12-18 10:14:49,"LTBKIZZOLIONE","Her mindset will raise your children not her body or good looks.","Facebook",1,"Colorado",-0.21650635094611
"x14262811",2018-12-18 10:15:01,"WTNH","A Missouri judge is turning to Walt Disney to make sure David Berry Jr. never illegally hunts again.  https://t.co/EyeELbxkNQ","SocialNewsDesk",1,"Connecticut",0.0128619501410991
"x2170544778",2018-12-18 10:14:55,"WaterburyCTJobs","JOB; New Haven CT USA - Strategic Labor Relations Advisor - Leads Universitys compliance with clinical pr: Leads Universitys compliance with clinical practice agreements and strategic planning for future such agreements. 3. Ove JOBS WORK CONNECTICUT https://t.co/MuzQnbuL1a","SocialOomph",1,"Connecticut",0.268704904993339
"x997197566285615105",2018-12-18 10:14:47,"himelsteinmadal","Current fitness cutie proves that sometimes gaining weight is the answer you need (16 Photos) https://t.co/FFb2nwp5eD","Twitter Web Client",1,"Connecticut",0.413672575837461
"x4853439484",2018-12-18 10:14:42,"igod316","@CNN So ban Iowa then yeah","Twitter for iPhone",1,"Connecticut",-0.204124145231932
"x1021877975120273408",2018-12-18 10:14:38,"SoseBD","@iamdaej Let it all out real quick and get back to ya money","Twitter for iPhone",1,"Connecticut",0.665640235470275
"x4258572616",2018-12-18 10:14:35,"flori5111","@KEEMSTAR Was it Matt's revenge for making fun him for the idiot that he is?","Twitter for Android",1,"Connecticut",-0.322748612183951
"x44348316",2018-12-18 10:14:28,"paradisoins","My heroes. Blessed to have amazing parents. Miss you every minute of every day Mom üôè‚ù§Ô∏èüôè https://t.co/WKmW7ZCFcn","Twitter for iPhone",1,"Connecticut",0.319718573362187
"x23817411",2018-12-18 10:14:27,"mascrivener","@gilsimmons Wow, that wind was unexpectedly severe last night! Woke me up with a vengeance at midnight.","Twitter for Android",1,"Connecticut",-0.124249188139144
"x398215483",2018-12-18 10:14:27,"tunjikomolafe","@akinalabi You want turn us to another MonacoüòÅ","Twitter for Android",1,"Connecticut",0
"x845225949033586688",2018-12-18 10:14:14,"LearnCAB","Incredible. Sad. https://t.co/521EpeoYZ5","Twitter for Android",1,"Delaware",0
"x1007995082",2018-12-18 10:12:44,"chefgretchenh","Collusion, conspiracy or witch hunt?","Facebook",1,"Delaware",-0.626099033699941
"x712617123219111936",2018-12-18 10:10:08,"971TheWAVE","https://t.co/3LMooTrUZB lists ""A Christmas Story"" as the best Christmas Movie of All Time. What is your favorite holiday film? Is it a classic or is it more modern? 
Post your comments here or call 410-912-9710. https://t.co/Smu4ZbqCsX","Facebook",1,"Delaware",0.317293688548368
"x17794079",2018-12-18 10:08:39,"Driraroach","Small town and big visions!!!#authors https://t.co/ELwQGbrACi","Twitter for iPhone",1,"Delaware",0.0790569415042095
"x3970553780",2018-12-18 09:44:29,"GeorgetownNews_","Education is not the filling of a pail, but the lighting of a fire.  -William Butler Yeats","SocialOomph",1,"Delaware",0.0403028295500558
"x792037590803312640",2018-12-18 09:38:46,"babyk0111","Spirit, worship, parties. Okurrrrr https://t.co/ZZzbDA34SH","Twitter for iPhone",1,"Delaware",0.236289112071082
"x2777408596",2018-12-18 10:15:08,"unbruising","i cant see with this nut in my eye","Twitter for iPhone",1,"Florida",0
"x463744152",2018-12-18 10:15:08,"jperky1956","Normal people, if they don't like a song, or a movie, will simply change the channel, Delusional paranoid people want to ban the song or movie so NO ONE can hear or see it. Guess they hate the 1st Amendment https://t.co/Y242J24eq1","Twitter Web Client",1,"Florida",-0.279751760615564
"x52188144",2018-12-18 10:15:06,"969thegame","You Can't Trust Andy Reid and the Chiefs in the Playoffs https://t.co/yJ59M7u8JL","SocialFlow",1,"Florida",-0.117851130197758
"x17840357",2018-12-18 10:15:06,"LisaGemini","NEW: Save Time - 5 Reasons To Choose An Airbnb Property Manager In London https://t.co/ZrMEYqMYi9","Bit Rebels Syndication",1,"Florida",0.325
"x193241812",2018-12-18 10:15:04,"TheRulingClass1","@UKLabour Put an Apple logo over it. That's New York City.","Twitter for Android",1,"Florida",0.218274531937307
"x1635293384",2018-12-18 10:15:03,"JURlSPRUDE","Im writing the christmas cards and they smell?? So bad?? Yall getting perfume on them I just hope the smells wears off by the time they arrive or tht my perfumes smell is only present","Twitter for iPhone",1,"Florida",-0.18957281117941
"x1398075734",2018-12-18 10:15:03,"torrance_wf","@_gomez_3 @saddgay In the shadows https://t.co/XC6fuA3nOs","Twitter for Android",1,"Florida",0
"x2628524109",2018-12-18 10:15:02,"ziggimarketing","New eMarketer Report Explores Boomers' Relationship with Social - eMarketer #digitalmarketing https://t.co/68kWIWSClX","gotcha!Stream",1,"Florida",0.21380899352994
"x3318543460",2018-12-18 10:15:10,"donaldherring11","Over a year ago, but I guess,  D.C. is out of handcuffs... https://t.co/WXFNLftYLq","Twitter for Android",1,"Georgia",-0.0908076942724456
"x33315551",2018-12-18 10:15:10,"Robert_W_GA","Already am. We let 0.00001 percent control a news cycle narrative? One person in Spain dominated press for every female in their country? Just isn‚Äôt statistically important. https://t.co/WPKPttyu5H","Twitter for iPhone",1,"Georgia",0.178242751262065
"x289118612",2018-12-18 10:15:09,"TomthunkitsMind","I'm disabled. Can barely walk. Can't stand or sit at 90¬∞ more than 10 mins. Can't work. SSA pays rent only. Donations helps with utilities, internet, jukebox, So without help I wont be able to stay online or at home. No joy asking for $. No choice. TY https://t.co/L6ZTuw7eFD ))) https://t.co/bslUijbVPH","The Social Jukebox",1,"Georgia",-0.188464741151166
"x509757893",2018-12-18 10:15:09,"austinjduncan","@hyfrasia @KirkCousins8 it would have made my brother‚Äôs life","Twitter for iPhone",1,"Georgia",-0.205548047910945
"x221779541",2018-12-18 10:15:09,"MommyTalkShow","A Georgia Preschool Director's Tips for Finding the ""Perfect Fit"" {Guest Post} https://t.co/zdgtxZwM0I","Evergreen Post Tweeter",1,"Georgia",0.278915968791783
"x1349183599",2018-12-18 10:15:07,"esbranc","@annie_duka luv u too beswangggggüíñ","Twitter Lite",1,"Georgia",0
"x48816854",2018-12-18 10:15:07,"MariannKnudsen","Monika Lejman Zes how about this blast from the past &lt;3 https://t.co/QPJ2mPDVTO https://t.co/QPJ2mPDVTO","Facebook",1,"Georgia",-0.087287156094397
"x3222403643",2018-12-18 10:15:06,"SaPendergrass","#LoveMySisters from @AzaleaCityLinks!! https://t.co/3bLyWcxJbx","Twitter for Android",1,"Georgia",0
"x409285978",2018-12-18 10:15:05,"TimAndrewsHere","@chrislhayes No, it isn‚Äôt.","Twitter for iPhone",1,"Georgia",0
"x3083937557",2018-12-18 10:14:41,"arayah_lynn","Honestly I have to be up at 7 so yay me. Goodnight twitter if y‚Äôall are bored hmu https://t.co/49ihhVmbeG","Twitter for iPhone",1,"Idaho",0.0859450993597157
"x598214454",2018-12-18 10:14:28,"shafzaps","@huffy_me @Shamster_97 Yes-or-no answer please üòÖ","Twitter for iPhone",1,"Idaho",-0.636396103067893
"x44205647",2018-12-18 10:14:26,"AffinityImage","Well from the SDNY we get to test Article II Section 4, to be impeached a President must be convicted, to be convicted a President has to be charged. Also please note Article II Section 4, lists by name bribery as an impeachable in‚Ä¶https://t.co/alfhRb1Tgb https://t.co/M2qoWayOPU","LinkedIn",1,"Idaho",0.126623930909828
"x34571532",2018-12-18 10:14:10,"Newfund","Ten pieces of friendly VC advice for when someone wants to buy your company ‚Äì TechCrunch https://t.co/gR0p68hVBL","Twitter for iPhone",1,"Idaho",0.163663417676994
"x1020474112530173956",2018-12-18 10:15:10,"DougDavey7","@aiizavva @MattLech Well, I can make a claim too.  Every Klansman and Aryan Brotherhood member voted for Trump. Cause he supports their causes.","Twitter for iPhone",1,"Illinois",0.263424488138882
"x135648028",2018-12-18 10:15:08,"j_one_8","Man I‚Äôve been up since 12‚Äô O‚Äôclock. I think it‚Äôs about time to fall into a deep sleep before I start randomly googling things. And start questioning the world.üòÇüåçüì± #lol #google #sleepy #goodnight","Twitter for iPhone",1,"Illinois",-0.0805565109917601
"x715982938542850048",2018-12-18 10:15:08,"StLukesCareers","RN - Cancer Center Infusion job at St. Luke's Hospital - Mi‚Ä¶ - Chesterfield, MO https://t.co/3SDgCACUxn #Indeed #jobs","Indeed.com",1,"Illinois",-0.117851130197758
"x240910849",2018-12-18 10:15:06,"UKWildcatgal","Have a good #tushytuesday. https://t.co/eyP3IXRSaA","Twitter for Android",1,"Illinois",0.204632373691225
"x43626793",2018-12-18 10:15:05,"ArajuanKanosis","In case you missed it, here you go üôå 
https://t.co/0upd18JzFv","Crowdfire Inc.",1,"Illinois",-0.138675049056307
"x58981717",2018-12-18 10:15:04,"SparrowOnTheEye","@DrJasonJohnson Oh, I‚Äôm seeing you.  We got her book.  I was always good.","Twitter for iPad",1,"Illinois",0.183092320256793
"x2830275304",2018-12-18 10:15:10,"__LoGuwop","ü§£ bro u ain‚Äôt changed https://t.co/4QVflgHwzv","Twitter for iPhone",1,"Indiana",0
"x758375636",2018-12-18 10:15:10,"AllyKraemer","BREAKING OVERNIGHT: Cincinnati Police are investigating 2 late night shootings that left 1 person dead and 3 others in the hospital. The shootings were just a mile apart in Evanston &amp; Walnut Hills. @WCPO https://t.co/yOCJmRWzpX","Twitter Web Client",1,"Indiana",-0.24166953297528
"x49948272",2018-12-18 10:15:10,"StrayYellarDawg","Our #IllegitimatePresident has no ""big boy pants."" He soiled his diapers over this one. üôÑüòÇü§£ https://t.co/lhBo1OkTxo","Twitter Web Client",1,"Indiana",-0.206825644545953
"x48602759",2018-12-18 10:15:08,"greenmtnLunde","This is.... ridiculous. https://t.co/RmHKSHDzkC","Twitter for iPhone",1,"Indiana",-0.366184640513586
"x240910849",2018-12-18 10:15:06,"UKWildcatgal","Have a good #tushytuesday. https://t.co/eyP3IXRSaA","Twitter for Android",1,"Indiana",0.204632373691225
"x168624461",2018-12-18 10:15:06,"Sculpture_Art","'Bust of Juliet (life size Alabaster Portrait Head statue)' by Christian Wilson is available from https://t.co/skjTBndmFF #artist #artwork","ArtParkS Sculpture",1,"Indiana",0.436435780471985
"x62588880",2018-12-18 10:15:06,"rre67","@kamini_meena If an India woman wants to fuck me, she going have to fight me and win.","Twitter for Android",1,"Iowa",-0.235702260395516
"x3242738076",2018-12-18 10:14:56,"BorjasMarizol","drake hours, üëÄ","Twitter for iPhone",1,"Iowa",0
"x53954916",2018-12-18 10:14:49,"DBFrisk2001","I'm pretty sure I was probably using a bad cable to charge the tablet with. https://t.co/6LRG1VqfPF","Twitter for Android",1,"Iowa",0.0845373627094409
"x811255293355167745",2018-12-18 10:14:19,"marsidotes3","@melindatamplin @NatalieHopkin2 Good morning sweet Lady Mel. Have fun cleaning. https://t.co/N62lAMe7g1","Twitter Web Client",1,"Iowa",0.380748475895968
"x428577636",2018-12-18 10:13:55,"Kaleb_M_Carter","Will have updates tonight from Boca Raton üòé https://t.co/wRmTH7cQrK","Twitter for iPhone",1,"Iowa",0
"x4859161450",2018-12-18 10:13:53,"khas_radio","Tweet - Priceless Playing Now on https://t.co/In39MdWEFJ","KHAS Tweet App",1,"Iowa",0.158113883008419
"x18601259",2018-12-18 10:13:47,"Firesnakious","@GMB @piersmorgan @susannareid100 If I cut someone out of my life, there would be a bloody good reason for it. If an tv program then would make a whole segment about this person trying to worm their way back into my life, I wouldn't be impressed in the slightest.","Twitter for Android",1,"Iowa",-0.147898131028887
"x500049382",2018-12-18 10:15:04,"SandraGabriel_","5 Places: Five Places to Go in Kigali https://t.co/UUXFfY5Y6u","IFTTT",1,"Kansas",0
"x500049382",2018-12-18 10:15:03,"SandraGabriel_","The 52 Places Traveler: In Bhutan, Prayer Flags and Birds From Heaven https://t.co/NVVea91mfs","IFTTT",1,"Kansas",0.2
"x1265562091",2018-12-18 10:14:56,"willybabytg","WILLY BABY - MEDIAS TOUR COTONOU https://t.co/gsp43ncoli via @YouTube","Twitter Web Client",1,"Kansas",0.173205080756888
"x4913320595",2018-12-18 10:14:56,"Only_rock_radio","#tiorr2 Listen our friends Tell Me More Of Your Lies by Moon Loves Honey on https://t.co/O4ISN3TqSV","autopo onlyrockradio",1,"Kansas",-0.0436435780471985
"x778842844916244480",2018-12-18 10:14:50,"perlengkin45","song, arousing an involuntary sensation of courage and cheerfulness.","Twitter Web Client",1,"Kansas",0.616666666666667
"x1006825081195171840",2018-12-18 10:14:48,"CartoonistMark","Last night's drawing music. Actually found myself singing along:
https://t.co/oqn8lR9FZ9","Twitter for iPhone",1,"Kansas",0.240453403373329
"x2263058689",2018-12-18 10:14:28,"newfaneron","@nancy_hamm1 @Lady_Vi_2U Go to fuckin work","Twitter for iPad",1,"Kansas",-0.0833333333333333
"x2582378035",2018-12-18 10:14:22,"ElGuapoChapo_","Dear God
I ask that you give me the strength, to trust again
Please help me relieve this burden from my heart
I know time heals all wounds and some just take longer than others
So I'm going to trust you with this process
Amenüôè","Twitter for iPhone",1,"Kansas",0.42485291572496
"x3244815036",2018-12-18 10:14:14,"Jannie_Perilla","Issa daaaaay","Twitter for Android",1,"Kansas",0
"x723751488",2018-12-18 10:15:11,"OutlookMP","Told my mama ‚Äúyou was right, about everything in life‚Äù now it‚Äôs time to watch my stubborn children do the same lol made sense why she was at ease and let us bump our heads. Cause she had already taught us how to... https://t.co/qTts1N8VRO","Facebook",1,"Kentucky",-0.0162748729117149
"x292399715",2018-12-18 10:15:10,"Daku_Rah","@XS_11official you see what you cause? Smh","Twitter for iPhone",1,"Kentucky",0
"x842137807070081025",2018-12-18 10:15:07,"lunsfordoutdoor","Under Armour Tritan 24-oz. Flip-Top Lid Bottles - Charcoal 16.99 in stock https://t.co/szW894RFkw","Hootsuite Inc.",1,"Kentucky",0.157526074714055
"x129078895",2018-12-18 10:15:06,"beavington_","@7Cricket we await those fantastic indian cricket fans and their succinct retorts on social media..... https://t.co/AxOa4C32wn","Twitter for iPhone",1,"Kentucky",0.197253846322029
"x888836191",2018-12-18 10:15:06,"Lara1897","@RobinFutboI omg i want to cry","Twitter for iPhone",1,"Kentucky",-0.306186217847897
"x1607813977",2018-12-18 10:15:04,"gailfrancoco","IZZA BABY BUNNY üê∞ https://t.co/lwCv9IQ9vv","Twitter for iPhone",1,"Kentucky",0.2
"x203523149",2018-12-18 10:15:03,"jadedagher","Why would a bank fix its ATM machines between 29 Dec and 1 Jan??? ü§î","Twitter Web Client",1,"Kentucky",0
"x714498476600639489",2018-12-18 10:15:01,"BotSpotterBot","Final Day! Follow, Fav &amp; Retweet &amp; you can win a Wayne Sleep shank-diving Teased Giblet Tint #WinItWednesday https://t.co/DMalExWRoo","Cheap Bots, Done Quick!",1,"Kentucky",0.178617779443529
"x857271011422736384",2018-12-18 10:15:12,"PixxRBLX","@slime_slimey That thertslayerr guy","Twitter for Android",1,"Louisiana",-0.268328157299975
"x2510433954",2018-12-18 10:15:12,"Lee97L","Couldn‚Äôt have said it better myself ü§∑‚Äç‚ôÇÔ∏è https://t.co/GmNoYBg9BT","Twitter for iPhone",1,"Louisiana",0.23094010767585
"x843119517572173824",2018-12-18 10:15:12,"XAV1ERDrake","Be determined.","Twitter for iPhone",1,"Louisiana",0.353553390593274
"x333858451",2018-12-18 10:15:08,"TeflonDeion","soon as I thought I got one, you the one remind me.","Twitter for iPhone",1,"Louisiana",0
"x1074970309831352320",2018-12-18 10:15:08,"icanoutsmoke","I can outsmoke @rihanna https://t.co/hYN0GlKVv6","Twitter for iPhone",1,"Louisiana",0
"x465047305",2018-12-18 10:15:07,"Virginia__Slim","Been poor my whole life. Ran it up the easy way... but loved life more earnin it the hard way.","Twitter for Android",1,"Louisiana",0.153775055984815
"x738902776688840704",2018-12-18 10:15:06,"DaRealEssImani","@FredoMcLovin lmao for why? üòÇüòÇüòÇ","Twitter for iPhone",1,"Louisiana",0
"x260291836",2018-12-18 10:15:05,"PerformAnalysis","NEW: Save Time - 5 Reasons To Choose An Airbnb Property Manager In London https://t.co/JmP8Rf0tAA","Bit Rebels Syndication",1,"Louisiana",0.306412938514171
"x1025346786578321409",2018-12-18 10:15:10,"iam_josephjay2","Pogba, Martial first statement after Mourinho's sack. https://t.co/bh94t0WTWp","Twitter for Android",1,"Maine",-0.134062529956907
"x3491905993",2018-12-18 10:15:09,"GianAustriaDP","@kishamaxinne_ see you soon bobolabs‚ù§","Twitter for Android",1,"Maine",0
"x363198183",2018-12-18 10:14:47,"bethaneywd","If you're serious about your future in acting, take this class!! Cant recommend @tweetkeogh and @inspireactors enough!! üñ§ https://t.co/b7cQPTbomY","Twitter for Android",1,"Maine",-0.0498314178279319
"x21599766",2018-12-18 10:14:42,"theycallmebob","@Cmm09672 Good morning, I will, now that I saw you smile by, Sweetie‚ù§Ô∏è","Twitter Web Client",1,"Maine",0.693375245281536
"x952919192671485954",2018-12-18 10:14:13,"Emmzy_Pr","But tbh 
Whether @ManUtd  sack mourinho or not

Una go still chop am from PSG...üòÇüòÇüòÇüòÇüòÇüòÇüòÇ
Eyin 5.0 odds team https://t.co/aeOqbBrCkO","Twitter for Android",1,"Maine",0.173225582038933
"x70646929",2018-12-18 10:13:48,"daredevil1777","LFC loved #Mourinho 

He came
He conquer
He destroyed

Mancchester in one season and top of that, complimented LFC  ‚ù§Ô∏è 

We‚Äôll miss him üëèüèº","Twitter for iPhone",1,"Maine",-0.0521286035142687
"x4744797081",2018-12-18 10:13:45,"RunMillinocket","#Repost tyrson79 with get_repost
„Éª„Éª„Éª
MRW I finally finish the coldest half marathon that I've ever ran. #running #mainerunning #crowathletics #thickquadsquad #oldportpubrun #six03endurance‚Ä¶ https://t.co/Pzu67vl0bY","Instagram",1,"Maine",0.131712154441051
"x704748459014815744",2018-12-18 10:13:37,"mswseason13","Jessica reunites with old friend who is indicted for murder - Michael Beck guest stars. Sam Booth sprains ankle.","Cheap Bots, Done Quick!",1,"Maine",-0.193318468952189
"x518165724",2018-12-18 10:15:12,"valedy101","@shelbytriglia Your perfect üî•üî•üî•","Twitter for iPhone",2,"Maryland",0.433012701892219
"x518165724",2018-12-18 10:15:12,"valedy101","@shelbytriglia Your perfect üî•üî•üî•","Twitter for iPhone",2,"Maryland",0.433012701892219
"x183113693",2018-12-18 10:15:11,"TheSquareEnix","For a dope breakfast in town come to The GruB Factory!  Their social media is @ThatGruBLife.  A black-owned Vegan joint that serves plant-based comfort foods and soulfood!
I demand anyone that lives near BMore or the Northeast area of the U.S. to make the travel for it!  Amazing! https://t.co/m10p0x7ZtM","Twitter for Android",1,"Maryland",0.125807561712202
"x3520741",2018-12-18 10:15:10,"patmcgraw","[Free download] #lawfirm #marketing generate more clients with #contentmarketing with my free ebook https://t.co/G5XHKBUWmG","Hootsuite Inc.",1,"Maryland",0.329983164553722
"x885080008917745668",2018-12-18 10:15:09,"uspatentbot","USD105081S - Design for a lamp bulb  
https://t.co/9j5PrF19ts https://t.co/wBAIcuBNdr","uspatbot",1,"Maryland",0
"x40612971",2018-12-18 10:15:09,"Dezusss_","Chicken tenders for the win, let‚Äôs go 6 O‚Äôclock","Twitter for iPhone",1,"Maryland",0.158113883008419
"x81914357",2018-12-18 10:15:12,"pksims","JOSE MY NIGGA I HATE IT HAD TO BE HIM","Twitter for iPhone",1,"Massachusetts",-0.237170824512628
"x79569748",2018-12-18 10:15:12,"Steiffgal","These two antique #Steiff #albino hares should satisfy your #rabbit habit. https://t.co/aaXfqgdVN4","Hootsuite Inc.",1,"Massachusetts",0.205663273785936
"x735520183494774784",2018-12-18 10:15:11,"BotFromBoston","WHY IS NOBODY GOIN' TA FUCKIN' JAIL?!","Cheap Bots, Done Quick!",1,"Massachusetts",0.302371578407382
"x537014337",2018-12-18 10:15:09,"HaremuRhydwhan","No Uber or Airbnb in South Korea: Red tape, risk-aversion hobble start-ups https://t.co/XHe0dL7O42 by @juminism @HyunjooJin https://t.co/ugTVsHTwV2","Twitter for Android",1,"Massachusetts",-0.336787657027282
"x1163170638",2018-12-18 10:15:08,"semperserge","@HighclereCastle @BBCBerkshire Kind of looks like he belongs there...","Twitter for iPad",1,"Massachusetts",0.0333333333333333
"x978312761657708545",2018-12-18 10:15:04,"MBTA_bus","Bus 66 Harvard via Allston is running 11 minutes late.  The bus was scheduled to be at N Harvard St @ Empire St at 5:05 but is now expected at 5:15. #mbta #bus_66","BusTracc",1,"Massachusetts",-0.0431552737455858
"x35734111",2018-12-18 10:15:04,"optixbaba","I‚Äôm waiting for my man @dejazimako007 to wake up to this news and start serving the TL üòÇüò≠","Twitter for iPhone",1,"Massachusetts",0
"x718125420357492736",2018-12-18 10:15:03,"boston_girl79","@Bodhihodi Happy #ToungeOutTuesday Doc and Chansey! üêéüíïüê¥üëÖ","Twitter for Android",1,"Massachusetts",0.16708163346601
"x288924127",2018-12-18 10:15:13,"nyannthierry","December 17, 2015: Jose Mourinho sacked by Chelsea

December 18, 2018: Jose Mourinho sacked by Man United 

The man must hate the days before Christmas","Twitter for iPhone",1,"Michigan",-0.0545544725589981
"x34124396",2018-12-18 10:15:13,"BZZY93","@Ocasio2018 Who knew","Twitter for iPhone",1,"Michigan",0
"x529703128",2018-12-18 10:15:12,"debssnackcake","@techweenie He has lost his mind","Twitter for iPhone",1,"Michigan",-0.306186217847897
"x916524235979452416",2018-12-18 10:15:10,"LockUpMar","@BLKMANSCHESS1 @PLAYOFFZAR @RecKziLe @TJMONEY11_ I just lost to him smh","Twitter for iPhone",1,"Michigan",-0.237170824512628
"x18783908",2018-12-18 10:15:09,"yaakovsloman","@athomsonkinross Empty. 

Do you have anything to say that addresses what I said or just empty rhetoric?","Twitter for iPhone",1,"Michigan",-0.185212931303504
"x705927696283402240",2018-12-18 10:15:09,"Munchensenton","@WiserInTime @ScottAdamsSays @Beerhaze You keep changing what I say. I didnt say that. Stick to exact quotes or take a reading comprehension class please.

Virtue signalling doesn't look good on you.","Twitter for Android",1,"Michigan",-0.0461897371778402
"x2193468230",2018-12-18 10:15:08,"SmoothDisdain","~ she had been kept safe and that had been my intention all along. Lowering myself onto the couch, I leaned back against it and took my hand from being held in @AToxicMind‚Äôs and wrapped my arm around her shoulders instead, tucking her into my side*","Twitter for iPhone",1,"Michigan",0.113509617840557
"x2193468230",2018-12-18 10:15:08,"SmoothDisdain","~ said it that I‚Äôd used the present tense instead of ‚Äúloved‚Äù. I cleared my throat and took the bottle of water and crackers from @AToxicMind just to make her happy, and then followed her over to the couch.* I would say that I‚Äôm sorry, but... *But I wasn‚Äôt. ~","Twitter for iPhone",1,"Michigan",0.0652665101224889
"x1041999831961612288",2018-12-18 10:15:12,"Labbottkoolkat","@EA_KRAELO Hope all is well.","Twitter for iPhone",1,"Minnesota",0.530722777603022
"x463061109",2018-12-18 10:15:09,"RaveonRichmond","How about a cute couple's name. #Butorum or #Santina. Based on last names, but better names that way. https://t.co/HQL99Gr7km","Twitter for Android",1,"Minnesota",0.297290844522205
"x3672226043",2018-12-18 10:15:09,"pgreco0266","WTA: Rule changes on ranking after pregnancy, leggings https://t.co/XOF3cARNoh via @YahooSports","Twitter Web Client",1,"Minnesota",0
"x960674671288115201",2018-12-18 10:15:06,"myafricanbikini","Another Tuesday! It's December 18, 2018 at 05:15AM, time for deliciousness! https://t.co/4QVWl3T6Iy","IFTTT",1,"Minnesota",0
"x702170609015463937",2018-12-18 10:15:05,"centlourhon59","voice, opening his door.","Twitter Web Client",1,"Minnesota",0
"x2530588848",2018-12-18 10:15:05,"LightAndTimeArt","#Vintage Keystone Regal K-109 8MM projector #upcycled into a unique table lamp. This is the perfect #Hometheater Decor #Etsy https://t.co/2gjaQJZkJe December 18, 2018 at 04:15AM","IFTTT",1,"Minnesota",0.381681221947102
"x834490404380803077",2018-12-18 10:15:01,"AfreeThinker71","@AMAZlNGNATURE He needs a blow out.","Twitter for iPhone",1,"Minnesota",-0.163299316185545
"x937729056946061314",2018-12-18 10:14:55,"its_tabrez_","@mufaddal_vohra Saw their faces.","Twitter for Android",1,"Minnesota",0
"x387820412",2018-12-18 10:14:55,"asti_spumante_","@RosannaPansino @Husky This deserves a Cannes Lion for Creativity in Advertising. https://t.co/GHCvF3mPlr","Twitter for iPhone",1,"Minnesota",0.180983680931623
"x424386832",2018-12-18 10:15:07,"alyssabrittanyy","Didn‚Äôt get to meet Chip Gaines but today was still amazing https://t.co/suOI3xMpO7","Twitter for iPhone",1,"Mississippi",0.272852578165875
"x465047305",2018-12-18 10:15:07,"Virginia__Slim","Been poor my whole life. Ran it up the easy way... but loved life more earnin it the hard way.","Twitter for Android",1,"Mississippi",0.153775055984815
"x48327035",2018-12-18 10:14:53,"Ashs87","Finally üôåüèª #josegone","Twitter for iPhone",1,"Mississippi",0.282842712474619
"x80728499",2018-12-18 10:14:52,"cbshockley","My soul yearns for you in the night; in the morning my spirit longs for you. Isaiah 26:9  (@ The Country Home in Eros, LA) https://t.co/MXDngGVmXs https://t.co/JEWF3viQ5L","Foursquare",1,"Mississippi",0.0341053956152042
"x542816375",2018-12-18 10:14:35,"HelenElks","So I‚Äôve just got over the sickness bug and now I‚Äôve been blessed with the common cold ü§ß","Twitter for iPhone",1,"Mississippi",-0.172061800402921
"x168020045",2018-12-18 10:14:34,"Thefenderblues","Listen to Witchy Woman (feat.) Snixx Jones by Hot Girl $am #np on #SoundCloud
https://t.co/5aZG9HJpZw #music #jams #jammin #musica #musician #tunes #radio #beats #la #nyc #dirtysouth #rocknroll #hits #blues #bluesking #musicawards #SoundCloud #grooves #ArtistRack #radio","Twitter for Android",1,"Mississippi",0.136108930734324
"x130904133",2018-12-18 10:14:33,"juustshae","I really spent mad money on these folks , never again believe that.","Twitter for iPhone",1,"Mississippi",-0.207846096908265
"x2150845033",2018-12-18 10:14:26,"locdeezy5","üíØüíØ this the one https://t.co/Adro9jqpZr","Twitter for iPhone",1,"Mississippi",0
"x2516080085",2018-12-18 10:14:26,"NuNeeFineeAhh","Me Seeing People I Went Graduate High School w/ Graduate From College Just Really Make Me Think üí≠","Twitter for iPhone",1,"Mississippi",0
"x2655387734",2018-12-18 10:15:12,"JungleGardensLA","Where is your journey taking you?

üì∏: @reddsm_

#AveryIsland #JungleGardens #Explore #OptOutside #Journey https://t.co/TFJl0HSBYf","Hootsuite Inc.",1,"Missouri",0.141951927008325
"x785771255576141824",2018-12-18 10:15:10,"420StonerCorner","https://t.co/YNknsqLHbx &lt;&lt;Heaven's Haze is an undemanding strain to cultivate and satisfies the need for an automatic version of a ground-breaking Haze sativa marijuana strain. It grows happily in any environment and in any grow-media and outdoors it is a very good stealth stra‚Ä¶ https://t.co/PgruUUF4on","IFTTT",1,"Missouri",0.214455488498967
"x135648028",2018-12-18 10:15:08,"j_one_8","Man I‚Äôve been up since 12‚Äô O‚Äôclock. I think it‚Äôs about time to fall into a deep sleep before I start randomly googling things. And start questioning the world.üòÇüåçüì± #lol #google #sleepy #goodnight","Twitter for iPhone",1,"Missouri",-0.0805565109917601
"x715982938542850048",2018-12-18 10:15:08,"StLukesCareers","RN - Cancer Center Infusion job at St. Luke's Hospital - Mi‚Ä¶ - Chesterfield, MO https://t.co/3SDgCACUxn #Indeed #jobs","Indeed.com",1,"Missouri",-0.117851130197758
"x835356788602114048",2018-12-18 10:15:07,"HomieGFunk1985","https://t.co/xbIJztpMaD Follow us on #GooglePlus https://t.co/keXaPJyRyk","IFTTT",1,"Missouri",0
"x58981717",2018-12-18 10:15:04,"SparrowOnTheEye","@DrJasonJohnson Oh, I‚Äôm seeing you.  We got her book.  I was always good.","Twitter for iPad",1,"Missouri",0.183092320256793
"x632273108",2018-12-18 10:15:04,"charleybriank1","@Fact What was he feeding all that time","Twitter for iPhone",1,"Missouri",0
"x711120349958524928",2018-12-18 10:15:04,"herican3_","GOODEVENING TO BILLIE EILISH ONLY HAPPY BIRTHDAY BABY ILYSM https://t.co/1HRDs4fVtK","Twitter for Android",1,"Montana",0.114922334022342
"x188310264",2018-12-18 10:15:03,"Samuel__Esq","@charlesmafua @ManUtd I didn't want him to go üò≠üò≠","Twitter Web Client",1,"Montana",0
"x923770736",2018-12-18 10:15:01,"WeefreemenYT","The feels https://t.co/I4i8G5IFLQ","Twitter Web Client",1,"Montana",0
"x209704616",2018-12-18 10:14:54,"scruffchick","Omgosh. Melts my heart https://t.co/wA9sggClB1","Twitter for Android",1,"Montana",0
"x612804674",2018-12-18 10:14:47,"TelevisionMalta","Studies underway to determine how to excavate Roman villa buried in Birzebbugia - https://t.co/ANl6zjQVDo https://t.co/PHPe9Hr5ZP","TVMConnect",1,"Montana",-0.125108648434245
"x786914930",2018-12-18 10:14:41,"IndependentMlt","Fix rule of law or risk losing EU funds https://t.co/gkdQeqxeZd","Facebook",1,"Montana",-0.416025147168922
"x843300151",2018-12-18 10:14:18,"Newsbook_com_mt","Jose Mourinho leaves Manchester United ‚Äì statement #JoseMourinho #JoseOut #SpecialOne #ManchesterUnited https://t.co/ZyO0K9tYEt","Twitter Web Client",1,"Montana",0.125
"x8766702",2018-12-18 10:14:11,"Malta","https://t.co/A79fshDqvI: Simon Busuttil and David Casa accepted as parties in Konrad Mizzi's case https://t.co/XDVWXBTkL6","IFTTT",1,"Montana",0.174574312188794
"x977764726644985856",2018-12-18 10:15:14,"CirineoCedric","ml or anime?","Twitter for Android",1,"Nebraska",0
"x302074229",2018-12-18 10:15:11,"bazzisos","no pressure just pleasure üòâ","Twitter for Android",3,"Nebraska",0
"x302074229",2018-12-18 10:15:11,"bazzisos","no pressure just pleasure üòâ","Twitter for Android",3,"Nebraska",0
"x302074229",2018-12-18 10:15:11,"bazzisos","no pressure just pleasure üòâ","Twitter for Android",3,"Nebraska",0
"x4848203716",2018-12-18 10:14:38,"MelvinNudelman","You can thank you London mayor for that garbage https://t.co/TcPdQYZEbS","Twitter for Android",1,"Nebraska",0
"x4848203716",2018-12-18 10:13:31,"MelvinNudelman","Because that dirty cop would go to jail  if he did cooperate https://t.co/SjDvsbdI1B","Twitter for Android",1,"Nebraska",-0.18190171877725
"x2263058689",2018-12-18 10:14:28,"newfaneron","@nancy_hamm1 @Lady_Vi_2U Go to fuckin work","Twitter for iPad",1,"Nebraska",-0.0833333333333333
"x731088605981118465",2018-12-18 10:13:46,"dnnekrystlle","@newtaaab why sad","Twitter for Android",1,"Nebraska",-0.288675134594813
"x952137853978394624",2018-12-18 10:13:43,"Heyitstwixiee","pamper dayyy","Twitter for iPhone",1,"Nebraska",0.565685424949238
"x995310873827684352",2018-12-18 10:13:21,"HEARTLNC","I know right, feliciaüòò","Twitter for Android",1,"Nebraska",0.4
"x600410519",2018-12-18 10:15:14,"TheCrowQuotes","""And I say I am dead, and I move""","twittbot.net",1,"Nevada",-0.333333333333333
"x172894898",2018-12-18 10:15:11,"Itsdiyahshalon","I like someone k bye","Twitter for iPhone",1,"Nevada",0.223606797749979
"x2921063798",2018-12-18 10:15:11,"WhenDeadSpeak","Spirits came forward to cross into Light  https://t.co/5WspUbCoSk https://t.co/622UjbwYwQ","The Social Jukebox",1,"Nevada",0.219469056285087
"x2960767920",2018-12-18 10:15:08,"hashzelsison","My sentiments exactly. https://t.co/RofHwle4rx","Twitter for Android",1,"Nevada",0
"x110946659",2018-12-18 10:15:06,"FikryArsyad","Do your job carras!","Twitter for Android",1,"Nevada",0
"x110416738",2018-12-18 10:15:04,"DCWCore","I liked a @YouTube video https://t.co/gjvH0OJuFK Package Thief vs. Glitter Bomb Trap","Google",1,"Nevada",-0.2875
"x824001810277011458",2018-12-18 10:15:04,"FacelessGaming6","@mikefreemanNFL I wouldn't say best. I'm a Panthers fan and he's been burned a few times this year. I'd say he's average with a few instances of brilliance","Twitter for Android",1,"Nevada",-0.075088677640603
"x38958511",2018-12-18 10:14:59,"tammilktea","@AnnalisaMillo @eveewing Fact: hugs are more satisfying when reciprocated","Twitter for iPhone",1,"Nevada",1.08
"x705965947",2018-12-18 10:14:57,"RobertaMcClain6","@_carrienet_ Started to get to a point where I was building myself up. Just ran into a f****** brick wall. So why bother trying anymore?","Twitter for iPhone",1,"Nevada",-0.108621096165894
"x249828592",2018-12-18 10:15:13,"TotalTrafficMHT","Off-ramp closed in #Manchester on NH-101 WB at NH-28 Byp #traffic https://t.co/GjQNQFw5W4","TTN MHT traffic",1,"New Hampshire",0
"x994628689403904000",2018-12-18 10:15:10,"HairVirgil","Not the first time Liverpool making teams look like shit resulting to their managers get a suck.","Twitter for Android",1,"New Hampshire",-0.242535625036333
"x946605904291434496",2018-12-18 10:15:07,"marizellasticks","anyways i‚Äôm upset hahaha","Twitter for iPhone",1,"New Hampshire",-0.335410196624968
"x946605904291434496",2018-12-18 10:14:39,"marizellasticks","and don‚Äôt tell me that their charity work to get out of paying taxes is equal to the billions of dollars that the govt misses out on bc of these tax loopholes","Twitter for iPhone",1,"New Hampshire",-0.078334945180064
"x632450571",2018-12-18 10:14:56,"MILLCITYRADIO","#NowPlaying on https://t.co/TRnnbowV7G: Winter Wonderland by Air Supply #ChristmasMusic Is Here!","MCRAutoPostNowPlaying",1,"New Hampshire",0
"x238861692",2018-12-18 10:14:45,"Brizzuhl","I'm getting big money from fantasy, my grades looking nice, and holidays with the fam right around the corner! Hard work and a positive outlook really is something. #BlessUp","Twitter for iPhone",1,"New Hampshire",0.37349736897909
"x282912700",2018-12-18 10:14:38,"websterelizabet","Soros Org Gave $500K To Activists Who Accosted Pam Bondi At Movie Theater https://t.co/6fFmK3s62Z via @dailycaller","Twitter Web Client",1,"New Hampshire",-0.174574312188794
"x2843542422",2018-12-18 10:14:29,"TupeloChefJ9","@lastinline Tupelo awaits again!","Twitter for iPhone",1,"New Hampshire",-0.125
"x22698302",2018-12-18 10:14:13,"DanielJames117","@ladiesgun @dc_tribune Pls be true.","Twitter Lite",1,"New Hampshire",0
"x911690664823414784",2018-12-18 10:15:14,"mitchlhammer","@molly_knight Rocky https://t.co/qXL8kbQlFP","Twitter for Android",1,"New Jersey",-0.14142135623731
"x2573727360",2018-12-18 10:15:13,"ThomasW05626820","Tinker Town Tiger: The Chinese Bandits with the help of this country'... https://t.co/ETWPG8fs4n","Twitter Web Client",1,"New Jersey",0
"x776422652239937536",2018-12-18 10:15:11,"JaguarJerry","@zZBEP @SleepmodeAU They don‚Äôt know how to make a fun game","Twitter for iPhone",1,"New Jersey",0.21650635094611
"x1008220740112539648",2018-12-18 10:15:11,"devilking61051","hello my Twitter friends!!! please head over to @CoinomiWallet @ drop them a tweet on the pinned message that u want HTH to be listed!!!!
@HTHCoin 
#cryptohelpsthehomeless
#fairchance https://t.co/IVbmZClwV7","Twitter Web Client",1,"New Jersey",0.109175166467294
"x975541352170651649",2018-12-18 10:15:08,"pbbridgewater","Day 6 of Pure Cheer from Pure Barre Bridgewater!

Have a friend interested in joining our tribe?  Bring them in...you'll receive a gift as well! https://t.co/pQpwVAWvOT","Hootsuite Inc.",1,"New Jersey",0.486679187768355
"x109131882",2018-12-18 10:15:07,"HiteshDash","Jose leaves #MUFC dammit. Another season to forget and move on.","Twitter for Android",1,"New Jersey",-0.103125023043775
"x1054928113967218693",2018-12-18 10:15:06,"RexFlow3","@realDonaldTrump After you may have damaged them irreparably....","Twitter Web Client",1,"New Jersey",-0.176776695296637
"x424321525",2018-12-18 10:15:06,"thekinggmoney","Everyone Go Check Out My #SoundCloud. I Got A Lot Of Fire On There. https://t.co/ICWC0GzzSI","IFTTT",1,"New Jersey",-0.0431552737455858
"x929344071168090112",2018-12-18 10:15:15,"bloodyramos","@MadnessNation13 @ufc His innocence has been proven, but you hater are like dogs gnawing on a bone","Twitter for iPhone",1,"New Mexico",-0.0121267812518166
"x1179710990",2018-12-18 10:15:14,"OccuWorld","Rep Tulsi Gabbard Smokes CNN Shill On US Aid To Jihadists In Syria https://t.co/MT8zMHRyea","OccuWorld",1,"New Mexico",0.235702260395516
"x264134650",2018-12-18 10:15:10,"Ayowolede","@IIIAbiodunIII - You actually think any of those managers would have finished with 81 points. Lol","Twitter for Android",1,"New Mexico",-0.15891346497678
"x903563985412386816",2018-12-18 10:15:10,"sammuhanguzi4","@mu_derrick Perhaps the good news I have heard bout #mufc since his arrival","Twitter Web Client",1,"New Mexico",0.0400891862868637
"x3266009004",2018-12-18 10:15:08,"SSilas771","You should kill yourself if you drive a fast car and go 30 in a 50","Twitter for iPhone",1,"New Mexico",0.0668153104781061
"x2433178106",2018-12-18 10:15:07,"khmyrachx_","You should be grateful if you have a happy and wonderful family because you don‚Äôt understand the feeling of having a broken family.","Twitter for iPhone",1,"New Mexico",0.612372435695795
"x861254211631104000",2018-12-18 10:15:05,"jazenthakim","THANK YOU SO MUCH!!! HEHEHE :)) @MagsombolFaythe @Leandro60416483 @PNavi11 @JustinValera1 ‚ù§Ô∏è‚ù§Ô∏è‚ù§Ô∏è https://t.co/uOCpOaEw03","Twitter for Android",1,"New Mexico",0.136421582460817
"x306343254",2018-12-18 10:15:15,"StrayArctic","hmm  does having so many tabs open cause lag in smash","Twitter Web Client",1,"New York",-0.452267016866645
"x1056455607363006464",2018-12-18 10:15:15,"JeffreyKonstan1","Peace Comes From Within .. Do Not Seek It Without","Twitter for iPhone",1,"New York",0.204632373691225
"x24566393",2018-12-18 10:15:15,"__ellisss","Thank god for waking me up this morning","Twitter for iPhone",1,"New York",0.176776695296637
"x1072838669629882375",2018-12-18 10:15:13,"jackson_A_Green","I need a sugar baby for $2500 weekly, retweet to get $750 immediately. Dm me if you retweeted already. Am paying out now 
#sugarbaby #sugarmomma #suggarmommy #sugarmummy #sugarmama #sugardaddy #sugardaddyneeded #sugarbabyneeded  #sugarbabywanted","Twitter for iPhone",1,"New York",0.088327058659981
"x901167812328259584",2018-12-18 10:15:13,"CBS6Leanne","Boxes get sorted into dozens of bins that designate different postal routes.  They're pretty full, and more keep coming! https://t.co/j16J66g8Jz","Twitter for iPhone",1,"New York",0.138404784675791
"x2206800227",2018-12-18 10:15:12,"AnthonelleW","I liked a @YouTube video https://t.co/IBTboQp38x Thor: Ragnarok","Google",1,"New York",0.144337567297406
"x2977627161",2018-12-18 10:15:12,"eprofitsmoney","What a great idea for christmas gifts...
https://t.co/oWvBOoCksF","Twitter Web Client",1,"New York",0.268125059913815
"x3388145345",2018-12-18 10:15:09,"somethingabtkm","@AprilMunday Thank you so much for sharing! üòÄ","Twitter for Android",1,"New York",0.103125023043775
"x14361260",2018-12-18 10:15:14,"WFMY","24-Year-Old Woman Found Shot, Dies on Way to Hospital: Burlington Police https://t.co/K5W7Wv1qVw","trueAnthem",1,"North Carolina",-0.195003373789978
"x752507342286000128",2018-12-18 10:15:14,"idandrew99","-----15----- December 18, 2018 at 05:15AM","IFTTT",1,"North Carolina",0
"x236425022",2018-12-18 10:15:14,"Mkelleyroush","Haha Thanks!! https://t.co/eDSbIjxtJL","Twitter for Android",1,"North Carolina",0.231515102539784
"x86967015",2018-12-18 10:15:13,"BuzzbyDarlene","NEW: Save Time - 5 Reasons To Choose An Airbnb Property Manager In London https://t.co/R4A1nZ52kS","Bit Rebels Syndication",1,"North Carolina",0.29824045403173
"x48818697",2018-12-18 10:15:12,"BeachAutomotive","#BeachFordBlog Not only does the celebration mark a revitalization of the plant just outside Detroit, it also marks the rebirth of the Ford Ranger. Keep reading for the full story.  https://t.co/sQeWVdwiYO","Hootsuite Inc.",1,"North Carolina",0.00360318110775107
"x43277895",2018-12-18 10:15:10,"ltulch","Whoa! Sitting in the bar at my hotel in Singapore and they are playing the @connellsmusic #smallworld","Twitter for iPhone",1,"North Carolina",0.545686329843267
"x774413948011413504",2018-12-18 10:15:06,"colbymommy","@MattStoicSteady It was an exciting journey!","Twitter for iPhone",1,"North Carolina",0.469485534033442
"x973377941869678592",2018-12-18 10:15:05,"_monaae","I thank god for growth and maturity üôåüèΩüòå","Twitter for iPhone",1,"North Carolina",0.755928946018454
"x379007530",2018-12-18 10:15:13,"KellyannNavarre","It‚Äôs important for me to have structure and something to do over break, so this is allowing me to still enjoy my break and relax and maintain structure. I‚Äôm not disappointed about this at all‚Äî I‚Äôm thankful she allowed me to.","Twitter for iPhone",1,"North Dakota",0.351046558835687
"x1042601130176532480",2018-12-18 10:15:13,"magilicotti","@ABCPolitics Thin air up there must be effecting his narcissistic brain ... Comey does realize that he and his fellow comrades are going to prison correct? It is of course the Rule of Law!  Hint to Comey‚Äôs friends, buy him some Bar(s) of Soap on a Rope for Christmas ...","Twitter for iPhone",1,"North Dakota",0.0306856815148288
"x1042056979320066048",2018-12-18 10:15:10,"PeaceofCakeLLC","*~Heart diving and soul gliding is our mission beyond the suds and scrub. ~*

Happy Tuesday friends! 

Find a way to reach deeper, farther than your comfort zone! 

Soar! https://t.co/sltc8lsgZp","Hootsuite Inc.",1,"North Dakota",0.207447639950387
"x14808307",2018-12-18 10:15:08,"AnitaNelson","NEW: Save Time - 5 Reasons To Choose An Airbnb Property Manager In London https://t.co/kILqAWkSgU","Bit Rebels Syndication",1,"North Dakota",0.325
"x167416301",2018-12-18 10:15:04,"chefcliff","Good morning y‚Äôall, holy hell whatta day yesterday! Here‚Äôs to hoping for a much smoother ride today! Coffee is hot  and ready, pull up a chair. I wish you all the best of days, welcome new followers!! I love you ALL!!","Twitter for iPhone",1,"North Dakota",0.219192075598547
"x30742583",2018-12-18 10:15:03,"melissasoliver","I am absolutely exhausted. Barely slept last night. My body aches terribly. And I‚Äôm pretty sure I have a fever.","Twitter for iPhone",1,"North Dakota",-0.314411697224585
"x3365353504",2018-12-18 10:14:57,"SlylyShy","@Ghasci Weird flex but okay.","Twitter for iPhone",1,"North Dakota",-0.00011180339887499
"x1723311626",2018-12-18 10:15:16,"GameMasterHaze","@cwaggonerfox4 Well I will tell ya 1 thing chip u have a ‚ù§Ô∏è of gold to be able to do this job and go home and sleep peacefully at night i respect ya man ur a special dude god bless ya https://t.co/zf4Fgp0xUL","Twitter for iPhone",1,"Ohio",0.611191913849942
"x2893093872",2018-12-18 10:15:16,"kjones254","Winners win.üòé","Twitter for iPhone",1,"Ohio",0.919238815542512
"x982578441424900096",2018-12-18 10:15:15,"robertofUganda","@ManUtd Jos√© had some failures. Buying players n he ends up not using them, also having wrangles with players. Likes of Rash, Bailley, PP, Mata, Rojo n Fred. He doesn't know when to use who","Twitter for Android",1,"Ohio",-0.128036297116258
"x909192436710330368",2018-12-18 10:15:15,"stringerbell24_","Yeah im done .. im waaayy to grown https://t.co/x0jr9ISVfa","Twitter for iPhone",1,"Ohio",0
"x58424123",2018-12-18 10:15:15,"MonaAbdiWEWS","I remember paying $5 PLUS dollars for a gallon of gas in 2010...So it never gets old paying $2 and some change these days. https://t.co/FC9i48Z2RW","Twitter Web Client",1,"Ohio",0
"x1073872118214025217",2018-12-18 10:15:14,"Teams0ur","@FortniteGame At 100 followers, I will be giving away a 20$ dollar gift card to your choice. The random person will be picked during my live stream. I want to thank everyone that follows me and supports me. I will be doing 20$ dollar gift cards every 100 followers. #fortnite #ps4 #teamS0ur","Twitter for iPhone",1,"Ohio",0.189001713740521
"x566339347",2018-12-18 10:15:13,"Tear_Re_Uh","who let me go to sleep before 9 üôÑ been up for a good 3 hrs now..","Twitter for iPhone",1,"Ohio",0.200445931434318
"x65218995",2018-12-18 10:15:12,"wkycweather","REGIONAL CAST | A look at our regional temperatures currently. #3Weather #ohwx https://t.co/ivYdkAmwl6","IFTTT",1,"Ohio",0
"x4679047932",2018-12-18 10:15:16,"camillegray22","up late dab listening to caucasian music slowly getting in my feelings","Twitter for iPhone",1,"Oklahoma",0.0288675134594813
"x36908570",2018-12-18 10:15:14,"sqanews","The #HigherVision exhibition, featuring outstanding work by SQA Higher Photography candidates, is still open to the public at @VisitScotParl. It's free to enter, and runs until 08/02/19 - check the parliament website for festive opening times... https://t.co/HFebwsa1ex https://t.co/ekJItmeUXA","Twitter Web Client",1,"Oklahoma",0.217723628720876
"x739167703328522240",2018-12-18 10:15:14,"ToKoboldlyGo","@cybersqyd Good news - That's the antipaladin/blackguard/mountebank/ur-priest, or the Athar, depending on edition :P","Twitter for Android",1,"Oklahoma",0.18190171877725
"x250415888",2018-12-18 10:15:12,"longhairedAlex1","I wanna be lean and strong af, but I also want to start a mukbang channel you feel me?","Twitter for Android",1,"Oklahoma",0.252357307257618
"x436524096",2018-12-18 10:15:12,"BARRholdings","Dealing with tricky waste? We work with this on a daily basis and we are more than happy to help https://t.co/ocTz1PKbYc #wastemanagement #recycling https://t.co/ekV9Hz0bCD","Hootsuite Inc.",1,"Oklahoma",-0.270374195640653
"x86818501",2018-12-18 10:15:12,"ForsythCampbell","@SkyBet @SkyBetHelp any odds on Guys Hiddink at Man Utd?","Twitter for iPhone",1,"Oklahoma",0
"x4726846281",2018-12-18 10:15:10,"motorclub000","Emergency road service, travel assistance reimbursement, bail bonds and more are included in our Total Security Plus membership.","IFTTT",1,"Oklahoma",0.360624458405139
"x1041008186252247043",2018-12-18 10:15:07,"CiGrindAlone","That's crazy accurate üòÇüëåüèæüëçüèæ https://t.co/PqHLHbNf0L","Twitter for Android",1,"Oklahoma",-0.0883883476483184
"x428703665",2018-12-18 10:15:07,"TaraHornor","NEW: Save Time - 5 Reasons To Choose An Airbnb Property Manager In London https://t.co/jILKNxq1oz","Bit Rebels Syndication",1,"Oklahoma",0.315296312547233
"x19014633",2018-12-18 10:15:15,"AMGX","@itsbonedaddy I don't know anyone who is watching it but if anyone out there is why not let us know if it was good :)","Twitter for Android",1,"Oregon",0.153093108923949
"x851999675603275778",2018-12-18 10:15:09,"pioneerdentaloc","Our Patients Think We Do a Great Job! https://t.co/B5knammFSm #oregoncity #dentalcare","Twitter Web Client",1,"Oregon",0.0964646260582434
"x2871655495",2018-12-18 10:15:08,"noodleboironan","I needa get outta thinking negative holy shit","Twitter for Android",1,"Oregon",-0.441941738241592
"x15846482",2018-12-18 10:15:04,"spacebarshift","@jimmyfallon @FallonTonight LMM: ""Light On"" TNB: ""Enter the NInja"" #rootswalkonmusic","Twitter Web Client",1,"Oregon",0
"x37489889",2018-12-18 10:14:59,"GreenAwakening","North American caribou (Rangifer tarandus)‚Äîpopulations plummet with industrial development‚ÄîFirst Nations lead effort to rescue last remaining herds from extinction‚Äî‚Äúindicator species‚Äù whose health reflects vitality of boreal forest ecosystem @hillaryrosner https://t.co/dYa2zCXTG2","Twitter Web Client",1,"Oregon",0.139739139209554
"x422301579",2018-12-18 10:14:52,"sexyy_blackkk","Good things comes to those who PRAY &amp; wait","Twitter for iPhone",1,"Oregon",0.2
"x1026601188320407554",2018-12-18 10:14:47,"BarbMckeever","@essenviews The Huckabees are nothing short of morons!","Twitter Web Client",1,"Oregon",-0.176776695296637
"x3436796655",2018-12-18 10:15:17,"NostalgiaDnunn","Once I get to my period I am so not into social media, or talking, or sitting up, or being awake, or being alive.... https://t.co/U4lhlptc7M","Twitter for Android",1,"Pennsylvania",0.0556938778220034
"x306343254",2018-12-18 10:15:15,"StrayArctic","hmm  does having so many tabs open cause lag in smash","Twitter Web Client",1,"Pennsylvania",-0.452267016866645
"x3277766360",2018-12-18 10:15:15,"PaulChase_CIAS","Who's up for objection handling on the Hub?","Facebook",1,"Pennsylvania",-0.0883883476483184
"x759170906",2018-12-18 10:15:15,"zoemharp","too bad no one does this for me. EVER. https://t.co/uIY3HfKlFJ","Twitter for iPhone",1,"Pennsylvania",0.144696939087365
"x183113693",2018-12-18 10:15:11,"TheSquareEnix","For a dope breakfast in town come to The GruB Factory!  Their social media is @ThatGruBLife.  A black-owned Vegan joint that serves plant-based comfort foods and soulfood!
I demand anyone that lives near BMore or the Northeast area of the U.S. to make the travel for it!  Amazing! https://t.co/m10p0x7ZtM","Twitter for Android",1,"Pennsylvania",0.125807561712202
"x709681338849337344",2018-12-18 10:15:10,"khergoosh","Biggest achievement of PTI in 100 days. Way to go Kaptaan! https://t.co/GXcxwOTKB3","Twitter for Android",1,"Pennsylvania",0.0996628356558638
"x3520741",2018-12-18 10:15:10,"patmcgraw","[Free download] #lawfirm #marketing generate more clients with #contentmarketing with my free ebook https://t.co/G5XHKBUWmG","Hootsuite Inc.",1,"Pennsylvania",0.329983164553722
"x40612971",2018-12-18 10:15:09,"Dezusss_","Chicken tenders for the win, let‚Äôs go 6 O‚Äôclock","Twitter for iPhone",1,"Pennsylvania",0.158113883008419
"x3388145345",2018-12-18 10:15:09,"somethingabtkm","@AprilMunday Thank you so much for sharing! üòÄ","Twitter for Android",1,"Pennsylvania",0.103125023043775
"x759507700040495104",2018-12-18 10:15:03,"IsotopeIDM","@y2k_aesthetic Plakatbau! That's the Kid A/Amnesiac font!","Twitter Web Client",1,"Rhode Island",0.0682107912304084
"x759507700040495104",2018-12-18 10:12:51,"IsotopeIDM","I made this with https://t.co/9ZOKnB7N8z
Still pretty far from really being me, but whatever, tis cyuut. https://t.co/tYrzeTtlYQ","Twitter Web Client",1,"Rhode Island",0.160756001499177
"x861887733635178496",2018-12-18 10:14:44,"johntruman_","Imam Tawhidi stans are almost as annoying as Tawhidi üôÑ","Twitter for Android",1,"Rhode Island",-0.05
"x2715043293",2018-12-18 10:14:11,"iim_riskyy","@Hilario1026 I told him if I win, he can choose $50 to donate to whatever charity he chooses","Twitter for Android",1,"Rhode Island",0.315296312547233
"x2715043293",2018-12-18 10:13:49,"iim_riskyy","Not bad for 400k üòÖ keeping him at this point, another goon on defense https://t.co/htteuYT5YO","Twitter for Android",1,"Rhode Island",0.0942809041582063
"x2380910293",2018-12-18 10:14:10,"HomeSmartRI","Expert Insights: Should I Always Get a Permit Before Making Home Improvements? https://t.co/Ih7h7ktxEI https://t.co/e9D42rTCH6","ace_twitter_share",1,"Rhode Island",0.220536504599677
"x1055313516343820289",2018-12-18 10:13:09,"Towu12","I'm playing Identity V. Fancy a game? https://t.co/Hu1rn3exiB","Identity V",1,"Rhode Island",0.103125023043775
"x2304616732",2018-12-18 10:13:06,"oohjosh_","My guy, it‚Äôs less than 30 outside","Twitter for iPhone",1,"Rhode Island",0
"x755993113",2018-12-18 10:12:58,"fuckiingradical","24 is straight fucking ice rn","Twitter for iPhone",1,"Rhode Island",0.201246117974981
"x715587005686685696",2018-12-18 10:15:17,"kayla__smith13","@3sammysam3 @Briana_Ramirez7 Same I can never sleep","Twitter for iPhone",1,"South Carolina",0
"x17387823",2018-12-18 10:15:15,"WLTX","Where is the $1.5 billion MegaMillions jackpot winner? https://t.co/C1Sfarm1mX https://t.co/bdjQlHdo4a","trueAnthem",1,"South Carolina",0.360937580653212
"x24686870",2018-12-18 10:15:14,"chang40","‚ÄúThere are two kinds of people in the world; those who make
excuses and those who get results. An excuse person... https://t.co/hBg6U53dIA","The Social Jukebox",1,"South Carolina",-0.173673003533032
"x48818697",2018-12-18 10:15:12,"BeachAutomotive","#BeachFordBlog Not only does the celebration mark a revitalization of the plant just outside Detroit, it also marks the rebirth of the Ford Ranger. Keep reading for the full story.  https://t.co/sQeWVdwiYO","Hootsuite Inc.",1,"South Carolina",0.00360318110775107
"x385402740",2018-12-18 10:15:08,"thestandnews","It was a cracking night https://t.co/zEwjdNxLUR","Facebook",1,"South Carolina",-0.133333333333333
"x1349183599",2018-12-18 10:15:07,"esbranc","@annie_duka luv u too beswangggggüíñ","Twitter Lite",1,"South Carolina",0
"x48816854",2018-12-18 10:15:07,"MariannKnudsen","Monika Lejman Zes how about this blast from the past &lt;3 https://t.co/QPJ2mPDVTO https://t.co/QPJ2mPDVTO","Facebook",1,"South Carolina",-0.087287156094397
"x1089150138",2018-12-18 10:15:05,"DrDanaDeHart","The Guardian: Degrees for the rich, apprenticeships for the poor ‚Äì that‚Äôs not a world of parity. ""If you‚Äôre a woman, and your teacher pushes you towards a degree, it probably isn‚Äôt snobbery. It‚Äôs economics.""
https://t.co/otPCBHROFF

via @GoogleNews","Twitter for Android",1,"South Carolina",-0.0159576172813934
"x275005434",2018-12-18 10:15:04,"Hazel_Fey","@SleepinEyes not right meow","TweetDeck",1,"South Carolina",-0.4
"x192149993",2018-12-18 10:15:02,"fotographySPAIN","Apply for a Diploma - https://t.co/fVbFiQcFaK -","Spain Award",1,"South Dakota",0
"x757949430121259008",2018-12-18 10:14:50,"MartinDaisy6","I Will Win All 3 Categories Hands Down ‚Äì Utensils¬†affirms https://t.co/mXXJ1TxW8i https://t.co/YAHTK8ZT2l","WordPress.com",1,"South Dakota",0.327326835353989
"x86559337",2018-12-18 10:14:30,"Carmen_STorres","@TheGafferTapes Left: my husband
right: Tom Holmes

The story of my life... #DammSexyThing","Twitter for Android",1,"South Dakota",0.126020859771244
"x219812342",2018-12-18 10:14:08,"EduGoico","FEELING PERSONALLY ATTACKED https://t.co/ohnzt5H6RI","Twitter for Android",1,"South Dakota",-0.25
"x1055886342809415681",2018-12-18 10:13:05,"Sophii_0","@Kolyattaboi @ReenieOnIce Keep up the good work","Twitter for Android",1,"South Dakota",0.377964473009227
"x842170110718627840",2018-12-18 10:13:00,"khaleesiolive","Oh it must be nice to love someone who let's you break them twice","Twitter for Android",1,"South Dakota",0.267261241912424
"x858037230111272960",2018-12-18 10:12:29,"garsmx","@LBC No wonder we're in this mess. It's idiots like this that are putting the residency rights, pensions and healthcare of 1000's of expat pensioners in Spain (and beyond) at risk.","Twitter for Android",1,"South Dakota",-0.123792113588128
"x955747353738252288",2018-12-18 10:12:20,"saracenscodex","@watspn1013 This just shows how well pseudo liberals and Islam and Muslim loving ""do gooders"" are doing their job.","Twitter Web Client",1,"South Dakota",0.355594387499371
"x1005722690207080450",2018-12-18 10:12:09,"Seokjine_","BTS did that https://t.co/UcjMZSZ76P","Twitter for Android",1,"South Dakota",0
"x981869386532380673",2018-12-18 10:15:17,"depuismars","@AliSleeq I go to LUüòÇ","Twitter for iPhone",1,"Tennessee",0
"x326379621",2018-12-18 10:15:15,"PrettyGirlChels","S/o to all the real fathers out here I salute y‚Äôall üíØ","Twitter for iPhone",1,"Tennessee",0.124807544150677
"x1040861499521159168",2018-12-18 10:15:14,"wlopxa1","Blue.. https://t.co/EicQRunzKo","Twitter for iPhone",1,"Tennessee",0
"x129078895",2018-12-18 10:15:06,"beavington_","@7Cricket we await those fantastic indian cricket fans and their succinct retorts on social media..... https://t.co/AxOa4C32wn","Twitter for iPhone",1,"Tennessee",0.197253846322029
"x888836191",2018-12-18 10:15:06,"Lara1897","@RobinFutboI omg i want to cry","Twitter for iPhone",1,"Tennessee",-0.306186217847897
"x1607813977",2018-12-18 10:15:04,"gailfrancoco","IZZA BABY BUNNY üê∞ https://t.co/lwCv9IQ9vv","Twitter for iPhone",1,"Tennessee",0.2
"x713418564",2018-12-18 10:15:03,"JacobCanoo","Idk whose idea it was to start posting this old ass nostalgic commercials but thank you pls keep posting them https://t.co/cBkwY1GjXA","Twitter for iPhone",1,"Tennessee",0.22498
"x203523149",2018-12-18 10:15:03,"jadedagher","Why would a bank fix its ATM machines between 29 Dec and 1 Jan??? ü§î","Twitter Web Client",1,"Tennessee",0
"x469749543",2018-12-18 10:15:18,"mycleverbunnies","@chris_kammy Well now I couldnt care less about Man United. The UK press were so awful to him I don't blame him for leaving.","Twitter Lite",1,"Texas",-0.115171433320124
"x391525198",2018-12-18 10:15:18,"whatafetter","The justice system in this country is whack but god dammit they really nailed this one. 

Hunter ordered to watch Bambi in jail as punishment in poaching case  https://t.co/m4ytu6GmUU","Twitter for iPhone",1,"Texas",-0.146057599454843
"x960622369",2018-12-18 10:15:17,"BlackZaabu","Guys do taxify drivers also ask you for more money oba is it‚Äôs just me?","Twitter for iPhone",1,"Texas",0.27
"x937631238",2018-12-18 10:15:16,"Shortynata","I‚Äôm up like i ain‚Äôt gotta make this drive","Twitter for iPhone",1,"Texas",0.150755672288882
"x415412957",2018-12-18 10:15:16,"AbhiOjha236","Here we go!
#IPLAuction2019 Begins
Wishing top luck to My favorite
@RCBTweets
@mipaltan 
@rajasthanroyals 
#IPLAuction https://t.co/IMfEHiKOCu","Twitter for Android",1,"Texas",0.450191222120696
"x997916403716964352",2018-12-18 10:15:16,"larrydavischan","I added a video to a @YouTube playlist https://t.co/Wr9sJP6qT3 Unity Asset Reviews - Sci-Fi Facility by TripleBrick !!ON SALE!!","Google",1,"Texas",0.116340716428049
"x4679047932",2018-12-18 10:15:16,"camillegray22","up late dab listening to caucasian music slowly getting in my feelings","Twitter for iPhone",1,"Texas",0.0288675134594813
"x2575261369",2018-12-18 10:15:15,"SwiggyBooty","@RockLeeSmile Also /me G O L D","Twitter for Android",1,"Texas",0
"x2877192267",2018-12-18 10:15:15,"P07H34D","It's my pleasure being your source of entertainment. 

I always want to do better but sometimes I am slow to learn. All I can ask for is your patience and support.

Goodnight.","Twitter for Android",1,"Texas",0.219681071136519
"x2960767920",2018-12-18 10:15:08,"hashzelsison","My sentiments exactly. https://t.co/RofHwle4rx","Twitter for Android",1,"Utah",0
"x3035114935",2018-12-18 10:15:05,"trishhopkinson","6 Resources for Submitting Your Work ‚Äì guest blog post by @HollyLynWalrath https://t.co/LXRfa8KjEM #writingtips #poetrytip #submissions #getpublished https://t.co/XYZT76h79q","Buffer",1,"Utah",0.1
"x884091866139860993",2018-12-18 10:14:51,"carltonautism","He who fights with monsters should be careful lest he thereby become a monster. And if thou gaze long into an abyss, the abyss will also gaze into thee. https://t.co/dqQiWMM8Sp","Twitter Web Client",4,"Utah",-0.160319466855132
"x884091866139860993",2018-12-18 10:14:51,"carltonautism","He who fights with monsters should be careful lest he thereby become a monster. And if thou gaze long into an abyss, the abyss will also gaze into thee. https://t.co/dqQiWMM8Sp","Twitter Web Client",4,"Utah",-0.160319466855132
"x884091866139860993",2018-12-18 10:14:51,"carltonautism","He who fights with monsters should be careful lest he thereby become a monster. And if thou gaze long into an abyss, the abyss will also gaze into thee. https://t.co/dqQiWMM8Sp","Twitter Web Client",4,"Utah",-0.160319466855132
"x884091866139860993",2018-12-18 10:14:51,"carltonautism","He who fights with monsters should be careful lest he thereby become a monster. And if thou gaze long into an abyss, the abyss will also gaze into thee. https://t.co/dqQiWMM8Sp","Twitter Web Client",4,"Utah",-0.160319466855132
"x4447437072",2018-12-18 10:14:45,"Rave_babe18","Yo girl is gonna treat herself to some @ILLENIUMMUSIC merch when I get paidüò≠üíïüò©","Twitter for iPhone",1,"Utah",0
"x885841748",2018-12-18 10:14:42,"bordongrote","@RawieDarren @Gmc151 @ARmastrangelo Never thought Mexico would pay for a wall. I also don't care if my taxes will be used to improve security of the country.","Twitter for Android",1,"Utah",-0.0161744327711118
"x786148770626928640",2018-12-18 10:14:34,"jaimemaga45","@0H0UR @GenFlynn What time is his sentencing today?","Twitter for iPhone",1,"Utah",-0.0833333333333333
"x92705325",2018-12-18 10:14:48,"richardlittleda","@FrDidymus @SRDuchessofKent Just a teeny bit photogenic https://t.co/AN8lPb5Dp6","TweetDeck",1,"Vermont",0
"x14546217",2018-12-18 10:14:32,"wbkm","Now playing at https://t.co/sDGxZM377v Come Listen! jamie lynn hart 2","Radio.co now playing",1,"Vermont",0
"x332662443",2018-12-18 10:14:18,"ToddBandana","@JordanHOLLYWOOD Stay Loyal video????ü§î","Twitter for iPhone",1,"Vermont",0.5
"x332662443",2018-12-18 10:13:32,"ToddBandana","TAY KEITH! https://t.co/3rpp41WdX9","Twitter for iPhone",1,"Vermont",0
"x63435319",2018-12-18 10:13:53,"amloughrey","Title: Chaucer‚Äôs Canterbury Tales Retold and illustrated by: Marcia Williams Published by: Walker Books This is an innovative picture book that deserves a mention in the book review slot of my blog.... https://t.co/O2OTNu1YQm","Facebook",1,"Vermont",0.0474958985930919
"x63435319",2018-12-18 10:13:51,"amloughrey","Book Review ‚Äì Chaucer‚Äôs Canterbury¬†Tales https://t.co/O2OTNu1YQm https://t.co/HLITBBAq9Q","WordPress.com",1,"Vermont",0
"x2598792687",2018-12-18 10:13:01,"quiscustodis","@_cmatheson @theSNP Utter destructive and selfish stupidity on the part of the SNP.
Party political positioning which will ensure the Tories survive until 2022. Shame on you.","Twitter Lite",1,"Vermont",-0.206807840515605
"x112034664",2018-12-18 10:10:44,"BurlingtonVT","temperature down 20¬∞F -&gt; 18¬∞F
humidity down 62% -&gt; 61%
wind 23mph -&gt; 25mph","Cities",1,"Vermont",0
"x18380238",2018-12-18 10:09:42,"DanielVKelley","I liked a @YouTube video https://t.co/CNmckwMm35 Police Miss Court 23 Times - Part 17 of 21 - Connie Marshall 9/25/14","Google",1,"Vermont",-0.18190171877725
"x831252301348294657",2018-12-18 10:15:19,"RaefHaggag","My random article of the hour: https://t.co/jMOWNlyXmp https://t.co/OP53QS31f1","IFTTT",1,"Virginia",0
"x4917467530",2018-12-18 10:15:19,"DistrictPic","DC on December 18, 2018 at 05:15AM. https://t.co/RNRBTarN98","IFTTT",1,"Virginia",0
"x358949576",2018-12-18 10:15:18,"CoachTwist202","This how I dance fr üòÇ just slower on beat and without the kicks üòÇüòÇüòÇ https://t.co/V4rcjy1j84","Twitter for iPhone",1,"Virginia",0.0802955068546966
"x3170869955",2018-12-18 10:15:18,"debmacp1","@SethAbramson @freddyatton @maddow The net of corruption tightens. Good.","Twitter for iPhone",1,"Virginia",0.242417478527522
"x214047909",2018-12-18 10:15:18,"bryncynonstrat","CONFERENCE &amp; MEETING ROOM HIRE FROM ¬£8.00 Per Hour

Are you looking for room hire for an upcoming event? Our building can be hired out for many functions. So whether you have a meeting, a training course, a party, a... https://t.co/BznCIxapN2","Facebook",1,"Virginia",0.134657856069855
"x498575364",2018-12-18 10:15:17,"hannianaomi_","LMFAOOOOO https://t.co/4JUqlUEBiT","Twitter for iPhone",1,"Virginia",0
"x23517712",2018-12-18 10:15:17,"WTKR3","Child porn cyber tip leads to arrest of 18-year-old in Isle of Wight Co. https://t.co/w8aIeBe1A0 https://t.co/pwVwCdkDHQ","trueAnthem",1,"Virginia",-0.02
"x1376636785",2018-12-18 10:15:16,"WeightLoss_Feed","You're never a loser until you quit trying. -Mike Ditka","IFTTT",1,"Virginia",0.212222177328135
"x3019529014",2018-12-18 10:15:08,"CareinKent","Join the ‚ÄúCare in Kent‚Äù team! We're hiring for Homecare Workers, Community carers, and Support Worker positions. #Ashford #Folkestone #Care #Dementia #Autism #LearningDifficulty","IFTTT",1,"Washington",0.348698995782433
"x2780240858",2018-12-18 10:15:06,"BLeaderNews","The Business Leader Awards are free to enter and you can enter any number of awards. Enter Now ‚ÄºÔ∏è‚§µÔ∏è #BLA19

https://t.co/P1mriKAYYx","Hootsuite Inc.",1,"Washington",0.238737769306429
"x789626946367782912",2018-12-18 10:15:04,"Donster2112","@geli2j @realannapaulina @BarackObama @SenSchumer @NancyPelosi @realDonaldTrump You‚Äôre cherry picking from the 4 proposals on the table. Then there‚Äôs the House which doesn‚Äôt have a filibuster, yet the Republicans couldn‚Äôt even agree amongst themselves.

The Senate put 4 immigration bills up for a vote. They all failed. https://t.co/yYJpo3RiCt via @voxdotcom","Twitter for iPhone",1,"Washington",-0.073258859734142
"x773023560",2018-12-18 10:15:04,"KidHarris81","@lolaa_alo I always see some in Cheney, but I know if I try it isn't gonna go well üòÇ","Twitter for iPhone",1,"Washington",-0.412948320967011
"x335796138",2018-12-18 10:15:03,"bensmithppc","@dipsMUFC IMAGINE","Twitter for Android",1,"Washington",0
"x421468851",2018-12-18 10:14:59,"DanElsey","@rustyspanner Only if your lippy and eye liner is all over the place","Twitter for iPhone",1,"Washington",0
"x150077496",2018-12-18 10:14:55,"7thSly","Who's going to replace him now?","Twitter for Android",1,"Washington",0
"x234068985",2018-12-18 10:14:47,"EAKTM","@ManUtd has given us a nice Christmas giftü•Ç","Twitter for Android",1,"Washington",0.353553390593274
"x842403655466790914",2018-12-18 10:15:17,"iLatif_","At long last the battle has ended...Thank you @ManUtd","Twitter for iPhone",2,"West Virginia",0.0498464490450997
"x842403655466790914",2018-12-18 10:15:17,"iLatif_","At long last the battle has ended...Thank you @ManUtd","Twitter for iPhone",2,"West Virginia",0.0498464490450997
"x380237156",2018-12-18 10:15:01,"youngelder01","Good move @ManUtd  üí™üèΩ https://t.co/y5yH0AzrQu","Twitter for iPhone",1,"West Virginia",0.25
"x957970616262545409",2018-12-18 10:14:57,"dicennaemeka","Bruhhhhhhhh this one deepüòÇüò≠üò≠üò≠ https://t.co/b91drUl9nL","Twitter for Android",1,"West Virginia",0
"x31115635",2018-12-18 10:14:52,"Afrowomanist","‚ÄòIt is worth noting that I define African feminist ethnography as a decolonized ethnography in that it acknowledges and promotes the development of theories based on non-Western assumptions.‚Äô","Twitter Lite",1,"West Virginia",0.25068870653902
"x1002186717103906818",2018-12-18 10:14:51,"Mike49923121","So, @SpeakerRyan says you can‚Äôt build a #wall over a mountain... https://t.co/TihgUo4Paa","Twitter for iPhone",1,"West Virginia",0.0157526074714055
"x860023574886846464",2018-12-18 10:14:50,"Sajjanlaunda","LMAO Delhi going for Vihari. Expected from the idiots.","Twitter Web Client",3,"West Virginia",-0.136421582460817
"x860023574886846464",2018-12-18 10:14:50,"Sajjanlaunda","LMAO Delhi going for Vihari. Expected from the idiots.","Twitter Web Client",3,"West Virginia",-0.136421582460817
"x860023574886846464",2018-12-18 10:14:50,"Sajjanlaunda","LMAO Delhi going for Vihari. Expected from the idiots.","Twitter Web Client",3,"West Virginia",-0.136421582460817
"x1027742970345349120",2018-12-18 10:14:49,"BrianLev722","@FullTimeDEVILS Looking at the schedule this is a good time to get rid of him. The run of games for the next month and a half is fairly easy. Can help in building the team up again.","Twitter for iPhone",1,"West Virginia",0.192148040285283
"x153784016",2018-12-18 10:14:45,"sjforsyth","@AdyDerby4life @SNicholsonDT Absolute cobblers - even game, if anything we just about shaded it","Twitter for iPhone",1,"West Virginia",-0.0668153104781061
"x373832902",2018-12-18 10:15:15,"KaiaRichelle","COLOSSIANS 3:2
Set your affection on things above, not on things on the earth.","Twitter for Android",1,"Wisconsin",0.277350098112615
"x2789227417",2018-12-18 10:15:04,"chewcoffeedip","Do you like Bass Fishing photos tips techniques &amp; Vidoes? Then Checkout Fisherman Chris King Tournament Angler from Michigan @ChrisKOutdoors Cool YouTube Videos  Motivation Tuesday Thoughts https://t.co/RxQ73NQAe7","Hootsuite Inc.",1,"Wisconsin",0.259086700948903
"x3299897484",2018-12-18 10:15:02,"cmsnice_com","Social media responds too late to a week of hate - https://t.co/XGNQCOZ1PJ","cmsnice updates",1,"Wisconsin",-0.258198889747161
"x1554133872",2018-12-18 10:15:02,"KSchmitt83","Need Last minute Gift Ideas. You still have time to get these before Christmas with the Expedited Shipping! These are some amazing deals. Drop a üíú if interested. https://t.co/ncQglIRYCg","Twitter for Android",1,"Wisconsin",0.172230302595334
"x420649182",2018-12-18 10:15:02,"Shahid_Pashteen","#Pakistani Media showed you the security guard hitting the cameraman, I will show you the Media men hitting the security guard #barbarians #TalibanMindsetsüëá https://t.co/fYCqo0z4LT","Twitter for iPhone",1,"Wisconsin",-0.315682074900988
"x897334304103157761",2018-12-18 10:15:02,"SreekanthVenkyy","@sripallavi_92 @RanaDaggubati Already shoot aipoindi
#F2 rlz ki mundu telecast aitadi max üëç","Twitter for Android",1,"Wisconsin",-0.144337567297406
"x479106523",2018-12-18 10:15:01,"jenna__blasco","Hellz ya https://t.co/mzkkClakWG","Twitter for iPhone",1,"Wisconsin",0
"x243750728",2018-12-18 10:15:01,"MercuryRacing","Meet the new BOSS; the 400 ROS competition outboard. #mercuryracing #400ROS #XCAT https://t.co/KsB4rqbF1b","Zoho Social",1,"Wisconsin",0.106111088664068
"x1483961695",2018-12-18 10:14:56,"TimBiersteker","@christophelston Yes, and today is better, but I did like it, too.","Twitter for Android",1,"Wisconsin",0.786639741770865
"x423043269",2018-12-18 10:15:11,"BargainBooksBin","If you buy lots of ebooks on Kobo, the Super points and VIP programs can help you save money. Get rewards you for your love of reading. Learn more:
https://t.co/1SWBcVFhLC","The Social Jukebox",1,"Wyoming",0.496531241076474
"x1058580493032177664",2018-12-18 10:15:06,"MariissaVga","my boo fts me just for me to watch him smoke &amp; play the game üòÇüòÇüôÑü§¶üèª‚Äç‚ôÄÔ∏è","Twitter for iPhone",1,"Wyoming",-0.0645497224367903
"x1058580493032177664",2018-12-18 10:13:57,"MariissaVga","ew wtf weird ü§ï","Twitter for iPhone",1,"Wyoming",-0.721687836487032
"x1002636333213536258",2018-12-18 10:13:31,"BLMS11","@IvankaTrump @realDonaldTrump ""The sum of human knowledge is now so immense that even a highly educated person can hope to absorb only a tiny quantum of it."" üòä https://t.co/uyhvr3Pw5Q","Twitter Web Client",1,"Wyoming",0.362309971842326
"x141345488",2018-12-18 10:13:12,"GBMComms","@IBMWatson is a suite of enterprise-ready #AI services, applications, and tooling. #Watson gives you complete control and ownership of your #data, and understands the language of your industry, allowing you to make quicker and more informed decisions. Learn more joy@gbmme.com https://t.co/43P8YNHO2J","Twitter Web Client",1,"Wyoming",0.54296148452477
"x354114136",2018-12-18 10:12:34,"bjreinhart1","@KroupaBo You are keeping us well informed as usual,and that means as much as writing it.","Twitter for iPad",1,"Wyoming",0.339549875050866
"x569302617",2018-12-18 10:12:06,"Mal_Hans","there‚Äôs always some point in the night if i‚Äôm up past 2 am where i‚Äôm like ‚Äúok why don‚Äôt we just stay up ALL night‚Äù","Twitter for iPhone",1,"Wyoming",0.0944911182523068
"x1042278688522264578",2018-12-18 10:11:51,"AgrituraUS","üéÑüéÑü§∂üéÖ BIG OFFER 50% OFF Kids Globe Cow 1:32 cattle 2 pieces Children's BEST ToysüéÑüéÑü§∂üéÖ

üéÑüéÑYou can place the order_üéÑüéÑ
https://t.co/Afhj33RhnM https://t.co/DGrhhFDJkW","Twitter Web Client",1,"Wyoming",0.17
"x2344983606",2018-12-18 10:11:05,"MzBeeBeeTweets","@SunRypeUSA @NicolesChoice1  #HoHoHolidays Jingle Bell Rock","Twitter Web Client",1,"Wyoming",0
